id,first_name,last_name,email,gender,ip_address
1,Jarib,Birney,jbirney0@latimes.com,Genderfluid,199.233.202.226
2,Darby,Lotherington,dlotherington1@typepad.com,Male,8.96.164.86
3,Beltran,Rudderham,brudderham2@census.gov,Male,59.181.102.190
4,Yvonne,Haggeth,yhaggeth3@cyberchimps.com,Agender,46.39.30.145
5,Claresta,Durban,cdurban4@vk.com,Bigender,59.19.189.145
6,Temp,Wallbridge,twallbridge5@bravesites.com,Female,32.5.201.94
7,Lindi,Santorini,lsantorini6@bandcamp.com,Bigender,195.248.94.115
8,Bernard,Vertigan,bvertigan7@reverbnation.com,Female,88.195.89.84
9,Wenona,Govinlock,wgovinlock8@jalbum.net,Non-binary,181.55.41.47
10,Paulo,Domerq,pdomerq9@ow.ly,Polygender,98.80.203.148
11,Perice,Groomebridge,pgroomebridgea@instagram.com,Non-binary,71.207.236.105
12,Viviyan,Sweedy,vsweedyb@discovery.com,Agender,245.134.176.213
13,Giraud,Kennett,gkennettc@va.gov,Bigender,234.163.149.131
14,Adela,Spires,aspiresd@tamu.edu,Female,172.158.177.0
15,Heath,Carlos,hcarlose@myspace.com,Genderqueer,77.137.118.228
16,Julie,Janz,jjanzf@amazonaws.com,Agender,234.45.119.135
17,Queenie,Bredes,qbredesg@squarespace.com,Genderfluid,183.107.24.178
18,Sansone,Casaro,scasaroh@furl.net,Polygender,122.60.93.221
19,Ilaire,Waleworke,iwaleworkei@360.cn,Genderqueer,177.7.15.114
20,Robinetta,Sweatland,rsweatlandj@state.gov,Genderfluid,146.159.45.196
21,Alanna,Cullip,acullipk@qq.com,Male,230.123.209.8
22,Nerti,Measom,nmeasoml@ustream.tv,Female,208.209.203.147
23,Shelby,Nias,sniasm@cnet.com,Agender,96.145.205.226
24,Rina,Minards,rminardsn@ucoz.ru,Genderqueer,199.240.97.135
25,Terrell,Braunlein,tbraunleino@baidu.com,Polygender,67.16.239.206
26,Darcy,Lingfoot,dlingfootp@bbb.org,Female,207.164.235.189
27,Christabel,Samber,csamberq@nyu.edu,Genderfluid,64.140.145.73
28,Amby,Symms,asymmsr@wix.com,Genderfluid,101.226.74.37
29,Randal,Torrisi,rtorrisis@4shared.com,Female,8.241.88.189
30,Christen,Greiswood,cgreiswoodt@blog.com,Male,206.89.135.233
31,Rufe,Gribble,rgribbleu@4shared.com,Non-binary,112.185.33.49
32,Paige,Normanville,pnormanvillev@ask.com,Genderfluid,37.166.85.201
33,Tobit,Kieff,tkieffw@noaa.gov,Agender,162.18.155.218
34,Arman,McNeilly,amcneillyx@mayoclinic.com,Male,162.169.111.192
35,Felicle,Sambell,fsambelly@disqus.com,Non-binary,223.153.141.177
36,Marcela,Radborn,mradbornz@clickbank.net,Bigender,16.172.57.114
37,Prentice,Elderidge,pelderidge10@nytimes.com,Bigender,145.132.47.90
38,Waverley,Buckmaster,wbuckmaster11@360.cn,Polygender,35.143.55.49
39,Tremain,Schulke,tschulke12@naver.com,Bigender,101.180.232.199
40,Stern,Dyball,sdyball13@oracle.com,Male,212.19.111.136
41,Andreana,Dillway,adillway14@bluehost.com,Bigender,130.56.126.219
42,Konrad,Alennikov,kalennikov15@skyrock.com,Polygender,94.203.30.24
43,Henry,Label,hlabel16@google.co.uk,Genderqueer,226.172.100.46
44,Devon,Gubbins,dgubbins17@google.co.uk,Bigender,47.195.94.194
45,Maurice,Duffit,mduffit18@google.it,Polygender,52.1.226.157
46,Lacee,Drinkale,ldrinkale19@theguardian.com,Bigender,158.146.158.75
47,Lisbeth,Copnar,lcopnar1a@tinyurl.com,Bigender,206.219.115.170
48,Clem,Chataignier,cchataignier1b@comsenz.com,Non-binary,68.142.60.66
49,Rawley,Godby,rgodby1c@cnet.com,Bigender,177.182.92.121
50,Marleen,Oakley,moakley1d@skype.com,Polygender,244.180.132.1
51,Lay,Musprat,lmusprat1e@europa.eu,Non-binary,122.48.5.127
52,Desdemona,Webermann,dwebermann1f@ftc.gov,Genderfluid,151.122.109.180
53,Taber,Swateridge,tswateridge1g@si.edu,Female,212.204.130.29
54,Francoise,Beloe,fbeloe1h@so-net.ne.jp,Genderqueer,252.85.139.160
55,Alister,Stirtle,astirtle1i@tiny.cc,Agender,84.139.104.106
56,Bernadette,Godbold,bgodbold1j@forbes.com,Female,144.175.181.75
57,Bobbie,Gerrets,bgerrets1k@de.vu,Agender,146.78.62.115
58,Austin,Garvagh,agarvagh1l@nifty.com,Genderqueer,211.68.121.96
59,Delinda,Thurgood,dthurgood1m@opensource.org,Agender,78.234.50.23
60,Joachim,Pardal,jpardal1n@tamu.edu,Genderqueer,169.88.88.204
61,Ruthie,Vigrass,rvigrass1o@gov.uk,Male,21.219.63.248
62,Chen,Skillanders,cskillanders1p@wsj.com,Bigender,203.92.245.201
63,Nolly,Franciotti,nfranciotti1q@mysql.com,Agender,103.29.2.113
64,Tabby,Blinman,tblinman1r@livejournal.com,Male,11.187.43.110
65,Charita,Chaster,cchaster1s@seattletimes.com,Agender,177.135.129.237
66,Ariel,Longshaw,alongshaw1t@slate.com,Bigender,174.124.62.223
67,Berti,Bolles,bbolles1u@usatoday.com,Non-binary,138.103.246.13
68,Jennette,Kinnin,jkinnin1v@trellian.com,Non-binary,226.192.80.28
69,Giacinta,Lamblot,glamblot1w@delicious.com,Agender,43.28.41.170
70,Blancha,Pafford,bpafford1x@archive.org,Genderqueer,108.189.90.57
71,Cam,MacColl,cmaccoll1y@sfgate.com,Genderqueer,94.170.28.153
72,Annabella,Sausman,asausman1z@fastcompany.com,Polygender,31.14.217.151
73,Joaquin,Hutson,jhutson20@tinypic.com,Female,97.200.240.232
74,Ashely,Alabaster,aalabaster21@php.net,Male,86.71.11.151
75,Cindy,Macoun,cmacoun22@4shared.com,Polygender,253.213.164.177
76,Griffith,Piscot,gpiscot23@mozilla.org,Genderqueer,156.253.252.239
77,Rustin,Antrobus,rantrobus24@nih.gov,Genderfluid,170.170.81.23
78,Ethyl,Spinetti,espinetti25@e-recht24.de,Genderqueer,237.77.18.141
79,Raff,Ditty,rditty26@sbwire.com,Male,212.113.116.14
80,Kiri,Mellmoth,kmellmoth27@google.ca,Genderfluid,41.135.115.86
81,Conrade,O'Neal,coneal28@blogger.com,Genderfluid,221.186.154.177
82,Bernardo,Raddish,braddish29@thetimes.co.uk,Bigender,17.229.211.188
83,Francis,Pavek,fpavek2a@techcrunch.com,Female,99.69.230.235
84,Cristabel,Swinerd,cswinerd2b@xinhuanet.com,Polygender,236.34.72.237
85,Jori,Cancelier,jcancelier2c@newyorker.com,Non-binary,229.147.170.15
86,Sasha,Rodenhurst,srodenhurst2d@huffingtonpost.com,Agender,211.84.224.28
87,Enos,Lilian,elilian2e@businesswire.com,Bigender,148.43.159.191
88,Farrel,Exeter,fexeter2f@cdbaby.com,Polygender,41.105.56.237
89,Holly,Drogan,hdrogan2g@chicagotribune.com,Genderfluid,217.236.100.116
90,Boigie,Dahlgren,bdahlgren2h@wired.com,Bigender,74.220.145.180
91,Sutherland,Cutmare,scutmare2i@apache.org,Genderqueer,43.94.105.73
92,Sansone,Daughtery,sdaughtery2j@ow.ly,Genderqueer,202.2.242.142
93,Cati,Percifer,cpercifer2k@bloomberg.com,Genderqueer,159.119.77.220
94,Aluino,Dyhouse,adyhouse2l@patch.com,Bigender,158.15.249.91
95,Meade,Shovelin,mshovelin2m@dmoz.org,Genderfluid,208.60.82.155
96,Eugenius,Olijve,eolijve2n@apache.org,Polygender,149.138.161.185
97,Bobbette,Peile,bpeile2o@merriam-webster.com,Bigender,119.148.217.242
98,Loydie,Elener,lelener2p@amazon.com,Agender,130.129.46.153
99,Fiorenze,Mabb,fmabb2q@networksolutions.com,Male,52.187.177.129
100,Dido,Vannini,dvannini2r@mashable.com,Agender,32.234.0.203
101,Kat,Keesman,kkeesman2s@feedburner.com,Genderfluid,181.153.107.45
102,Etan,Spitell,espitell2t@bloglovin.com,Bigender,248.249.17.116
103,Abdel,Sergison,asergison2u@hhs.gov,Agender,155.153.17.218
104,Emelina,Yurkevich,eyurkevich2v@japanpost.jp,Polygender,94.34.126.215
105,Bordy,Bortoloni,bbortoloni2w@howstuffworks.com,Male,187.194.8.60
106,Carie,Grief,cgrief2x@sfgate.com,Genderqueer,143.186.214.255
107,Denys,McTavy,dmctavy2y@taobao.com,Genderfluid,98.189.200.55
108,Ailee,Brashier,abrashier2z@bizjournals.com,Male,187.18.55.134
109,Ahmad,Sustin,asustin30@washington.edu,Bigender,126.11.98.147
110,Ginny,Plumer,gplumer31@deliciousdays.com,Bigender,102.130.227.62
111,Rolph,Reisin,rreisin32@storify.com,Non-binary,217.134.120.80
112,Melinde,McGeouch,mmcgeouch33@time.com,Female,83.133.207.52
113,Edgard,Catcherside,ecatcherside34@ca.gov,Polygender,195.33.172.40
114,Sophi,Leyson,sleyson35@arizona.edu,Female,132.118.18.225
115,Cornie,Le Gassick,clegassick36@hugedomains.com,Genderfluid,228.226.121.76
116,Xavier,Wiper,xwiper37@jiathis.com,Bigender,56.231.112.5
117,Federica,Symson,fsymson38@timesonline.co.uk,Bigender,222.165.45.66
118,Bernardo,Bradock,bbradock39@google.com,Bigender,37.151.129.123
119,Danna,Rimmer,drimmer3a@illinois.edu,Polygender,43.104.149.99
120,Aldis,Pessolt,apessolt3b@army.mil,Female,252.14.146.17
121,Karie,Imeson,kimeson3c@dell.com,Bigender,171.27.41.217
122,Tynan,Wattingham,twattingham3d@wordpress.org,Agender,202.29.152.40
123,Sherman,Koenen,skoenen3e@bbb.org,Agender,72.44.85.121
124,Rahel,Laux,rlaux3f@fda.gov,Polygender,5.241.219.185
125,Christin,Tomasi,ctomasi3g@pcworld.com,Female,152.133.192.45
126,Ardelis,Dupoy,adupoy3h@netscape.com,Genderfluid,3.133.125.9
127,Yvette,Ilyinykh,yilyinykh3i@e-recht24.de,Bigender,80.38.236.29
128,Gamaliel,Knappett,gknappett3j@shinystat.com,Polygender,82.194.226.49
129,Thaxter,Mattes,tmattes3k@cbsnews.com,Genderfluid,97.70.76.141
130,Hall,Chattoe,hchattoe3l@fastcompany.com,Polygender,131.56.222.180
131,Godwin,Hatwell,ghatwell3m@mashable.com,Female,137.124.179.17
132,Gabriell,Sextie,gsextie3n@alibaba.com,Male,204.118.235.149
133,Keri,Whild,kwhild3o@microsoft.com,Non-binary,99.152.164.177
134,Yoshiko,Dooman,ydooman3p@dmoz.org,Polygender,185.142.81.141
135,Barrie,Di Matteo,bdimatteo3q@sphinn.com,Agender,253.117.34.231
136,Barris,Chorlton,bchorlton3r@pinterest.com,Polygender,139.167.72.48
137,Belle,Dabel,bdabel3s@cargocollective.com,Polygender,242.127.55.81
138,Denny,Starzaker,dstarzaker3t@guardian.co.uk,Genderfluid,24.32.66.22
139,Dana,Arlidge,darlidge3u@123-reg.co.uk,Genderqueer,194.112.82.235
140,Rees,Huck,rhuck3v@hhs.gov,Female,111.96.213.59
141,Bronnie,Mulliner,bmulliner3w@state.gov,Male,5.226.182.241
142,Kaine,Kencott,kkencott3x@csmonitor.com,Male,124.32.91.218
143,Judd,Ranstead,jranstead3y@w3.org,Genderfluid,105.134.72.159
144,Mab,Bridgwood,mbridgwood3z@ameblo.jp,Male,94.15.200.92
145,Anderson,Goulbourn,agoulbourn40@printfriendly.com,Non-binary,116.116.37.37
146,Elfreda,Marlow,emarlow41@bizjournals.com,Female,183.147.171.242
147,Dame,Minchell,dminchell42@mozilla.org,Genderfluid,241.32.4.209
148,Trey,Gant,tgant43@webmd.com,Non-binary,122.124.46.234
149,Stanley,Chevins,schevins44@europa.eu,Female,100.37.104.181
150,Margaret,Norgan,mnorgan45@cocolog-nifty.com,Male,249.110.109.210
151,Aliza,Bock,abock46@guardian.co.uk,Non-binary,236.221.28.1
152,Dre,Wolfe,dwolfe47@npr.org,Non-binary,42.191.172.70
153,Viva,Hamly,vhamly48@sina.com.cn,Female,97.107.169.217
154,Chris,Gilstin,cgilstin49@intel.com,Genderqueer,234.242.68.185
155,Ganny,Watmough,gwatmough4a@skyrock.com,Male,224.183.255.145
156,Lula,Caville,lcaville4b@stanford.edu,Agender,216.243.242.232
157,Binky,Pollett,bpollett4c@wisc.edu,Male,87.107.139.123
158,Weidar,Wethey,wwethey4d@istockphoto.com,Genderqueer,203.40.150.158
159,Ellary,Capron,ecapron4e@howstuffworks.com,Polygender,61.170.209.127
160,Sharron,Barhems,sbarhems4f@sina.com.cn,Genderqueer,16.91.81.82
161,Bianka,Coyett,bcoyett4g@china.com.cn,Genderqueer,231.195.190.167
162,Sharity,Weben,sweben4h@shop-pro.jp,Bigender,111.220.201.87
163,Bunny,Yvon,byvon4i@huffingtonpost.com,Bigender,52.72.38.106
164,Ingamar,Hickford,ihickford4j@ucoz.ru,Polygender,18.179.204.103
165,Beaufort,Mallia,bmallia4k@senate.gov,Agender,235.225.216.16
166,Giacopo,Massow,gmassow4l@hibu.com,Bigender,172.9.71.130
167,Lezlie,MacCrossan,lmaccrossan4m@livejournal.com,Agender,224.60.165.227
168,Josy,Pennuzzi,jpennuzzi4n@utexas.edu,Female,190.73.28.219
169,Timoteo,Colquit,tcolquit4o@msn.com,Bigender,131.116.45.158
170,Elli,Lared,elared4p@sciencedaily.com,Bigender,86.21.205.14
171,Allys,Nesey,anesey4q@wunderground.com,Non-binary,224.96.242.44
172,Melony,Thyng,mthyng4r@house.gov,Genderqueer,199.243.209.25
173,Winnie,Couthard,wcouthard4s@nydailynews.com,Bigender,157.39.44.21
174,Adelheid,Stannard,astannard4t@hao123.com,Genderqueer,178.158.52.234
175,Melina,Willmot,mwillmot4u@telegraph.co.uk,Female,39.179.250.56
176,Frannie,Casero,fcasero4v@ihg.com,Polygender,254.66.59.92
177,Donica,De Bischof,ddebischof4w@wikispaces.com,Genderqueer,245.115.238.31
178,Tripp,Golden of Ireland,tgoldenofireland4x@fda.gov,Agender,187.144.194.16
179,Vanny,McDonough,vmcdonough4y@apache.org,Agender,197.176.181.186
180,Nico,Creedland,ncreedland4z@yelp.com,Genderfluid,200.77.221.247
181,Retha,Pundy,rpundy50@yellowbook.com,Genderfluid,118.164.146.26
182,Cathe,Juleff,cjuleff51@cpanel.net,Non-binary,118.179.35.182
183,Pierce,Stannislawski,pstannislawski52@surveymonkey.com,Polygender,120.87.200.145
184,Henderson,Maddern,hmaddern53@csmonitor.com,Genderfluid,194.162.33.38
185,Ervin,Bovaird,ebovaird54@about.me,Female,84.145.187.226
186,Jania,Gavigan,jgavigan55@irs.gov,Genderqueer,53.152.145.107
187,Marlyn,Shirt,mshirt56@newyorker.com,Genderfluid,217.167.120.67
188,Davy,Prickett,dprickett57@unc.edu,Polygender,217.255.176.175
189,Ashley,Sherwill,asherwill58@irs.gov,Female,58.208.47.190
190,Henka,Lishman,hlishman59@cbc.ca,Female,132.149.150.234
191,Rosalia,Wetherby,rwetherby5a@timesonline.co.uk,Non-binary,27.133.202.56
192,Stephi,Billo,sbillo5b@oracle.com,Genderqueer,194.178.56.62
193,Carlotta,Kennagh,ckennagh5c@hugedomains.com,Genderqueer,224.172.212.224
194,Else,Le Provest,eleprovest5d@nytimes.com,Female,67.150.40.170
195,Vania,Benoist,vbenoist5e@opensource.org,Agender,53.82.214.216
196,Clemmie,Edison,cedison5f@sitemeter.com,Bigender,233.67.220.109
197,Rikki,Bretelle,rbretelle5g@soup.io,Polygender,16.15.198.153
198,Melva,Portchmouth,mportchmouth5h@jalbum.net,Bigender,152.124.93.51
199,Vickie,Elsbury,velsbury5i@bloomberg.com,Agender,214.141.218.6
200,Ferdie,Mumbeson,fmumbeson5j@dion.ne.jp,Genderfluid,33.54.144.177
201,Eunice,Sorrie,esorrie5k@sohu.com,Male,42.139.65.0
202,Parnell,Pioli,ppioli5l@ustream.tv,Male,238.183.114.25
203,Ronica,Bollam,rbollam5m@imgur.com,Agender,21.193.124.209
204,Malanie,Durnall,mdurnall5n@usnews.com,Non-binary,116.133.21.119
205,Nap,Janata,njanata5o@ucsd.edu,Polygender,215.130.164.149
206,Alicea,Cakes,acakes5p@cmu.edu,Agender,138.103.16.115
207,Rolph,Dublin,rdublin5q@weebly.com,Genderqueer,204.165.159.204
208,Damian,Blyth,dblyth5r@goo.ne.jp,Genderqueer,72.68.247.75
209,Bryce,Hunnable,bhunnable5s@nifty.com,Non-binary,143.77.223.78
210,Maryjane,Touson,mtouson5t@rakuten.co.jp,Bigender,105.194.82.56
211,Hewett,Daveridge,hdaveridge5u@unesco.org,Female,11.33.80.165
212,Homere,Ballin,hballin5v@goo.gl,Genderqueer,178.13.145.52
213,Othilie,Patria,opatria5w@zimbio.com,Genderfluid,57.43.2.109
214,Blayne,Colliar,bcolliar5x@umich.edu,Male,142.255.105.96
215,Merlina,MacTimpany,mmactimpany5y@narod.ru,Female,170.87.97.106
216,Conny,Hukin,chukin5z@aboutads.info,Bigender,223.6.214.155
217,Marielle,Coghill,mcoghill60@aol.com,Non-binary,221.206.146.42
218,Dyan,Pumphrey,dpumphrey61@arstechnica.com,Bigender,76.143.97.104
219,Northrup,Trenbay,ntrenbay62@elegantthemes.com,Male,42.171.49.190
220,Aurelia,Hadlow,ahadlow63@sakura.ne.jp,Polygender,55.226.145.118
221,Jermaine,Eakin,jeakin64@europa.eu,Female,169.73.201.143
222,Ermengarde,Manktelow,emanktelow65@bing.com,Bigender,169.5.181.59
223,Armin,Maundrell,amaundrell66@patch.com,Female,154.135.74.128
224,Morgan,Flori,mflori67@bloglovin.com,Bigender,161.251.10.233
225,Nixie,Standfield,nstandfield68@printfriendly.com,Genderqueer,103.74.223.213
226,Kendall,Brantzen,kbrantzen69@dailymotion.com,Polygender,1.102.143.88
227,Amelina,Greenhall,agreenhall6a@omniture.com,Agender,135.254.127.138
228,Jordana,Arno,jarno6b@deliciousdays.com,Genderqueer,175.105.179.246
229,Claudio,Billows,cbillows6c@lulu.com,Agender,187.165.89.15
230,Shae,MacRierie,smacrierie6d@devhub.com,Genderqueer,217.130.202.151
231,Kynthia,O'Noulane,konoulane6e@xinhuanet.com,Female,89.245.244.118
232,Garald,Bradburn,gbradburn6f@trellian.com,Agender,16.163.40.128
233,Chlo,Cluitt,ccluitt6g@ovh.net,Bigender,174.175.187.36
234,Bertrand,Gallafant,bgallafant6h@sphinn.com,Polygender,13.104.68.58
235,Muffin,Shepheard,mshepheard6i@howstuffworks.com,Polygender,121.109.227.91
236,Rheba,Balloch,rballoch6j@slashdot.org,Bigender,191.129.123.181
237,Byrom,Gheeraert,bgheeraert6k@technorati.com,Agender,150.182.73.40
238,Abbot,Segges,asegges6l@who.int,Agender,35.29.215.94
239,Cami,Winscom,cwinscom6m@over-blog.com,Female,77.30.23.137
240,Giuditta,Gilston,ggilston6n@cornell.edu,Genderfluid,229.58.188.119
241,Penny,Duerden,pduerden6o@examiner.com,Genderfluid,247.200.0.9
242,Shena,Gomby,sgomby6p@intel.com,Genderfluid,27.29.163.201
243,Prent,Lawday,plawday6q@noaa.gov,Male,230.141.116.248
244,Roobbie,Giacoboni,rgiacoboni6r@npr.org,Genderqueer,248.16.8.165
245,Enriqueta,Fulger,efulger6s@yahoo.com,Male,11.59.78.96
246,Krystal,Eliesco,keliesco6t@google.cn,Agender,135.18.93.91
247,Doralynne,Purcell,dpurcell6u@mashable.com,Genderqueer,228.240.29.30
248,Fredric,Gossart,fgossart6v@so-net.ne.jp,Non-binary,186.209.254.230
249,Gladys,Elden,gelden6w@cnn.com,Genderqueer,247.74.25.140
250,Kimberley,Dregan,kdregan6x@indiatimes.com,Genderfluid,38.180.173.119
251,Yule,Crumbleholme,ycrumbleholme6y@weibo.com,Male,153.11.94.4
252,Robert,Bonicelli,rbonicelli6z@comcast.net,Genderqueer,244.97.160.254
253,Ardenia,Leverson,aleverson70@comcast.net,Genderqueer,215.214.71.27
254,Neil,Damiata,ndamiata71@opensource.org,Non-binary,232.92.231.24
255,Silvain,Grizard,sgrizard72@patch.com,Non-binary,62.217.200.122
256,Ruprecht,Ginner,rginner73@va.gov,Agender,102.22.138.141
257,Bran,Iacovini,biacovini74@google.com.au,Agender,59.173.169.107
258,Edithe,Mountain,emountain75@taobao.com,Bigender,228.23.240.103
259,Gilli,Notti,gnotti76@printfriendly.com,Genderqueer,32.163.234.72
260,Jerrine,Reddington,jreddington77@webs.com,Female,132.218.33.44
261,Tremaine,Pressdee,tpressdee78@typepad.com,Genderqueer,64.1.173.28
262,Stephenie,Crevagh,screvagh79@dot.gov,Female,91.15.27.21
263,Channa,Ditch,cditch7a@princeton.edu,Bigender,213.227.176.240
264,Bonni,Younglove,byounglove7b@e-recht24.de,Genderqueer,157.59.181.200
265,Eolanda,Valenta,evalenta7c@zdnet.com,Genderfluid,203.94.125.180
266,Paxon,Ringwood,pringwood7d@washington.edu,Female,238.210.238.145
267,Gerardo,Ellson,gellson7e@bravesites.com,Agender,89.93.168.197
268,Janifer,Beeston,jbeeston7f@bloglovin.com,Genderqueer,193.209.190.236
269,Glenna,Lukas,glukas7g@soup.io,Polygender,64.113.99.61
270,Oralla,Grieve,ogrieve7h@loc.gov,Genderfluid,136.163.51.207
271,Shae,Leaton,sleaton7i@howstuffworks.com,Non-binary,187.212.206.146
272,Anabal,Brightie,abrightie7j@digg.com,Female,30.198.143.214
273,Mira,Fayre,mfayre7k@yolasite.com,Male,36.229.219.47
274,Earvin,Scarce,escarce7l@cisco.com,Agender,73.160.26.216
275,Eyde,Rasch,erasch7m@youtube.com,Genderqueer,170.15.124.30
276,Ruth,Slesser,rslesser7n@smh.com.au,Male,232.46.105.3
277,Esther,Terrelly,eterrelly7o@com.com,Agender,3.225.85.193
278,Rey,Kerin,rkerin7p@cnet.com,Bigender,147.170.146.181
279,Ofelia,Leivers,oleivers7q@marriott.com,Bigender,43.112.182.8
280,Devina,Balchin,dbalchin7r@smugmug.com,Female,235.31.182.11
281,Alvis,Dannel,adannel7s@geocities.com,Non-binary,108.18.183.168
282,Hollie,Rankmore,hrankmore7t@mlb.com,Non-binary,208.147.231.111
283,Clemence,Abley,cabley7u@slideshare.net,Non-binary,186.184.188.80
284,Joly,Vernazza,jvernazza7v@telegraph.co.uk,Agender,16.207.31.175
285,Theodoric,Pietersma,tpietersma7w@de.vu,Non-binary,191.208.124.134
286,Tracey,Gehrtz,tgehrtz7x@indiegogo.com,Polygender,89.51.0.168
287,Zaccaria,Kibble,zkibble7y@sitemeter.com,Non-binary,101.54.78.50
288,Doris,Jentges,djentges7z@google.com.hk,Female,66.126.223.216
289,Ernst,Eakens,eeakens80@google.cn,Female,210.239.167.85
290,Christian,Warrender,cwarrender81@businessweek.com,Male,8.8.213.86
291,Chrissy,Tomankiewicz,ctomankiewicz82@live.com,Agender,243.82.141.61
292,Arabel,Brookbank,abrookbank83@google.com.br,Non-binary,47.187.0.60
293,Anthe,Petz,apetz84@163.com,Polygender,240.160.55.54
294,Nickie,McKyrrelly,nmckyrrelly85@usnews.com,Polygender,254.170.98.188
295,Siana,Cogdon,scogdon86@cnn.com,Bigender,163.241.118.147
296,Seamus,Aloshkin,saloshkin87@xing.com,Agender,191.79.198.152
297,Riannon,Moyers,rmoyers88@yandex.ru,Non-binary,81.184.180.5
298,Margarethe,Bulfoy,mbulfoy89@posterous.com,Genderfluid,180.63.113.18
299,Liliane,Fiddy,lfiddy8a@adobe.com,Agender,221.179.85.246
300,Mario,Daysh,mdaysh8b@pen.io,Male,181.235.180.101
301,Emmalynn,Stannus,estannus8c@dagondesign.com,Genderqueer,56.192.97.165
302,Pepe,Paddy,ppaddy8d@geocities.jp,Agender,200.54.18.41
303,Nicola,Poynor,npoynor8e@dropbox.com,Male,157.212.72.55
304,Rachel,Ivetts,rivetts8f@spiegel.de,Male,107.25.84.76
305,Leandra,Jeans,ljeans8g@umn.edu,Non-binary,230.53.139.173
306,Kalie,Ilyuchyov,kilyuchyov8h@edublogs.org,Agender,128.21.89.123
307,Dalston,Bunnell,dbunnell8i@desdev.cn,Polygender,86.155.178.225
308,Sarene,Hynard,shynard8j@paginegialle.it,Non-binary,190.17.164.115
309,Blanche,Giblin,bgiblin8k@networksolutions.com,Female,187.155.219.177
310,Merl,Sanney,msanney8l@nytimes.com,Polygender,232.137.53.62
311,Denni,Brummitt,dbrummitt8m@imgur.com,Genderqueer,19.216.138.209
312,Chev,Springate,cspringate8n@columbia.edu,Female,124.217.218.230
313,Stanfield,Sisse,ssisse8o@clickbank.net,Genderfluid,150.173.68.137
314,Dael,Kiraly,dkiraly8p@pbs.org,Genderqueer,157.109.104.23
315,Elmer,Ofen,eofen8q@bloglines.com,Male,28.21.94.20
316,Milo,Ware,mware8r@reference.com,Non-binary,120.47.174.31
317,Keene,Challenor,kchallenor8s@sfgate.com,Polygender,144.40.34.199
318,Jacki,Petford,jpetford8t@simplemachines.org,Genderfluid,139.111.18.28
319,Hort,Taft,htaft8u@vinaora.com,Female,92.232.141.83
320,Clayborn,Chritchlow,cchritchlow8v@va.gov,Female,4.21.44.219
321,Lorne,Gilliard,lgilliard8w@tmall.com,Male,235.81.227.67
322,Dulce,Rowatt,drowatt8x@hc360.com,Genderqueer,205.202.30.58
323,Marv,Janikowski,mjanikowski8y@yandex.ru,Bigender,133.45.28.61
324,Pru,Carrol,pcarrol8z@elpais.com,Genderqueer,98.52.127.192
325,Arch,Nulty,anulty90@paypal.com,Non-binary,243.79.41.142
326,Lorry,Notton,lnotton91@indiatimes.com,Non-binary,32.182.170.176
327,Amelia,Skep,askep92@prnewswire.com,Non-binary,134.66.200.25
328,Aubrey,Andrieux,aandrieux93@yolasite.com,Genderfluid,102.31.92.67
329,Bat,Maciejewski,bmaciejewski94@techcrunch.com,Male,164.218.222.23
330,Walther,Brackstone,wbrackstone95@deliciousdays.com,Bigender,41.203.148.57
331,Pepe,Brosini,pbrosini96@issuu.com,Non-binary,178.170.65.169
332,Juliane,Filippo,jfilippo97@blogspot.com,Agender,172.11.71.16
333,Kerwinn,Mackison,kmackison98@cdbaby.com,Genderqueer,172.106.188.2
334,Archibaldo,Maunders,amaunders99@dell.com,Genderfluid,213.164.185.236
335,Audrey,Ianniello,aianniello9a@weebly.com,Male,90.159.3.35
336,Con,Northfield,cnorthfield9b@twitpic.com,Non-binary,110.63.146.4
337,Miof mela,Hendrik,mhendrik9c@jalbum.net,Genderfluid,9.6.73.12
338,Kliment,Kohneke,kkohneke9d@time.com,Bigender,18.24.3.221
339,Miof mela,Causbey,mcausbey9e@hexun.com,Agender,103.30.35.245
340,Byrom,Bentsen,bbentsen9f@amazon.co.jp,Bigender,225.158.226.24
341,Broddie,Cowell,bcowell9g@dagondesign.com,Female,7.238.37.151
342,Feodor,Gricks,fgricks9h@drupal.org,Genderfluid,82.66.70.198
343,Carlye,Olivet,colivet9i@newsvine.com,Genderfluid,176.46.121.23
344,Jacquenetta,Orrill,jorrill9j@godaddy.com,Agender,159.34.183.82
345,Pierette,Folliott,pfolliott9k@mozilla.com,Bigender,130.25.201.44
346,Burr,Tynan,btynan9l@stanford.edu,Male,22.17.203.183
347,Spencer,Timeby,stimeby9m@addtoany.com,Genderqueer,60.204.163.215
348,Maitilde,Gorton,mgorton9n@moonfruit.com,Bigender,18.64.240.35
349,Darren,Eitter,deitter9o@latimes.com,Agender,234.132.223.101
350,Any,Giacomi,agiacomi9p@unc.edu,Bigender,204.176.232.78
351,Reidar,Korbmaker,rkorbmaker9q@google.de,Non-binary,114.182.212.236
352,Kirbie,Beards,kbeards9r@sohu.com,Genderqueer,20.93.229.88
353,Augustus,Naul,anaul9s@ycombinator.com,Agender,254.53.166.40
354,Roland,Thaine,rthaine9t@timesonline.co.uk,Genderfluid,132.235.137.219
355,Lexine,Kaygill,lkaygill9u@gmpg.org,Polygender,110.63.210.37
356,Perrine,Zanitti,pzanitti9v@harvard.edu,Agender,183.204.159.63
357,Padraig,Choffin,pchoffin9w@sphinn.com,Non-binary,91.162.190.67
358,Rodie,Foottit,rfoottit9x@dmoz.org,Genderfluid,146.215.100.148
359,Glynnis,Boutellier,gboutellier9y@ovh.net,Genderfluid,180.55.98.171
360,Elise,Grouer,egrouer9z@reddit.com,Male,95.59.254.192
361,Mariel,McKoy,mmckoya0@cnn.com,Genderqueer,11.56.111.57
362,Ernaline,Basire,ebasirea1@google.co.uk,Female,34.203.128.30
363,Marie,Strethill,mstrethilla2@rediff.com,Non-binary,92.128.63.94
364,Starla,Sloan,ssloana3@netlog.com,Male,89.145.133.169
365,Elspeth,Fazackerley,efazackerleya4@jigsy.com,Agender,27.201.68.214
366,Logan,Pordall,lpordalla5@canalblog.com,Polygender,205.14.214.195
367,Merv,Ivanishin,mivanishina6@goo.ne.jp,Genderqueer,76.210.159.157
368,Sutherland,Senner,ssennera7@nba.com,Genderfluid,157.242.92.138
369,Onfroi,Redmell,oredmella8@google.nl,Bigender,120.58.154.145
370,Celinka,Ollis,collisa9@weebly.com,Bigender,250.121.200.112
371,Abbi,Hampshire,ahampshireaa@wikimedia.org,Genderqueer,143.241.96.176
372,Mathew,Andri,mandriab@google.cn,Agender,121.255.248.62
373,Farrel,Saddleton,fsaddletonac@xrea.com,Bigender,145.25.220.174
374,Izak,Casbolt,icasboltad@dot.gov,Agender,159.170.178.220
375,Tony,Mumbray,tmumbrayae@google.es,Non-binary,162.105.21.197
376,Biron,Kimbling,bkimblingaf@sphinn.com,Genderqueer,75.250.101.146
377,Candace,Du Fray,cdufrayag@edublogs.org,Female,44.179.182.89
378,Tanhya,Tuckley,ttuckleyah@nature.com,Genderfluid,85.34.67.121
379,Nixie,Spurdens,nspurdensai@aol.com,Non-binary,141.118.211.52
380,Emelyne,Kirstein,ekirsteinaj@ow.ly,Genderqueer,4.185.24.232
381,Jeana,Lowther,jlowtherak@histats.com,Agender,74.23.213.95
382,Merrile,Buesnel,mbuesnelal@nih.gov,Non-binary,40.132.30.85
383,Igor,Quinnet,iquinnetam@reference.com,Agender,88.159.168.113
384,Ulick,Padson,upadsonan@howstuffworks.com,Polygender,127.169.185.242
385,Tomkin,Boyn,tboynao@census.gov,Genderfluid,87.114.198.110
386,Keely,Backhouse,kbackhouseap@stumbleupon.com,Bigender,149.85.79.165
387,Doralin,Jannequin,djannequinaq@blog.com,Genderfluid,111.154.127.249
388,Barbee,Tubbles,btubblesar@dot.gov,Bigender,131.205.56.33
389,Ferdinande,Longrigg,flongriggas@unblog.fr,Bigender,246.116.182.180
390,Oliver,Jimenez,ojimenezat@google.cn,Female,226.30.39.148
391,Konrad,Inchboard,kinchboardau@macromedia.com,Bigender,110.175.158.233
392,Justis,Monk,jmonkav@comsenz.com,Bigender,194.224.183.246
393,Alden,McIlvenny,amcilvennyaw@microsoft.com,Female,8.149.228.0
394,Gustaf,Bourgour,gbourgourax@com.com,Polygender,228.60.126.211
395,Vi,Rubinek,vrubinekay@home.pl,Genderqueer,233.201.127.64
396,Casper,Fussen,cfussenaz@imdb.com,Bigender,178.93.108.252
397,Wilhelmine,Poston,wpostonb0@hhs.gov,Genderqueer,233.128.0.229
398,Sapphira,Benting,sbentingb1@bloglovin.com,Female,194.26.154.253
399,Ferdinand,Beamont,fbeamontb2@soundcloud.com,Genderqueer,199.9.81.131
400,Marion,McIntee,mmcinteeb3@tuttocitta.it,Female,249.3.135.15
401,Janice,Garrioch,jgarriochb4@phoca.cz,Female,92.59.181.11
402,Michele,Heinzler,mheinzlerb5@chicagotribune.com,Female,236.252.61.74
403,Earl,Creswell,ecreswellb6@joomla.org,Non-binary,58.16.245.240
404,Sidnee,Mateiko,smateikob7@networkadvertising.org,Male,77.122.173.21
405,Neysa,Nettles,nnettlesb8@sohu.com,Genderfluid,171.246.166.140
406,Anne,Bertl,abertlb9@mozilla.com,Genderqueer,242.62.38.110
407,Jarrett,Andrat,jandratba@hugedomains.com,Genderfluid,245.131.101.46
408,Rick,Rotham,rrothambb@reference.com,Bigender,91.56.146.25
409,Padriac,Sheilds,psheildsbc@miibeian.gov.cn,Non-binary,78.189.193.40
410,Roselle,Aylesbury,raylesburybd@jigsy.com,Female,64.128.210.222
411,Adoree,Chaney,achaneybe@about.me,Bigender,193.238.66.20
412,Torey,Waplington,twaplingtonbf@spotify.com,Genderfluid,140.108.49.124
413,Gustave,Tytterton,gtyttertonbg@infoseek.co.jp,Agender,194.208.185.10
414,Vaughn,Shipton,vshiptonbh@princeton.edu,Polygender,77.30.88.148
415,Garvin,Gibson,ggibsonbi@economist.com,Genderfluid,47.38.149.48
416,Melania,Merwe,mmerwebj@slate.com,Non-binary,227.203.212.58
417,Darci,Jorio,djoriobk@bing.com,Genderqueer,248.120.66.102
418,Sophey,Brisset,sbrissetbl@guardian.co.uk,Agender,81.49.38.204
419,Pennie,Napolione,pnapolionebm@redcross.org,Male,37.127.76.103
420,Davidson,Gentsch,dgentschbn@123-reg.co.uk,Genderfluid,41.85.229.1
421,Monti,Strangward,mstrangwardbo@360.cn,Agender,86.189.87.165
422,Arlyne,Fermor,afermorbp@yellowpages.com,Non-binary,230.236.21.72
423,Serena,Spurdens,sspurdensbq@skype.com,Agender,82.67.69.87
424,Constanta,Elsey,celseybr@admin.ch,Non-binary,64.145.68.190
425,Saxe,Lovett,slovettbs@disqus.com,Genderqueer,193.238.58.216
426,Leoine,Siddell,lsiddellbt@twitpic.com,Genderfluid,215.139.126.144
427,Christoforo,Duffield,cduffieldbu@yellowpages.com,Polygender,220.171.126.121
428,Vivian,Doonican,vdoonicanbv@purevolume.com,Polygender,37.192.30.40
429,Jon,Teek,jteekbw@yelp.com,Female,201.79.93.79
430,Kizzee,Romera,kromerabx@discovery.com,Genderqueer,111.212.183.159
431,Federica,Pigeon,fpigeonby@stanford.edu,Genderqueer,54.117.220.50
432,Archibaldo,Simononsky,asimononskybz@mtv.com,Non-binary,138.76.126.91
433,Steffen,Greatrex,sgreatrexc0@unesco.org,Agender,173.117.37.183
434,Barb,Fulkes,bfulkesc1@github.io,Genderqueer,44.207.99.140
435,Ray,Hagart,rhagartc2@amazon.de,Female,194.136.119.78
436,Brigham,Banaszewski,bbanaszewskic3@ifeng.com,Female,239.94.24.223
437,Fawn,Thurske,fthurskec4@sciencedaily.com,Agender,202.254.30.50
438,Jeni,Matura,jmaturac5@cafepress.com,Female,96.22.123.130
439,Dillon,Dominik,ddominikc6@facebook.com,Bigender,184.239.153.84
440,Lilla,Meedendorpe,lmeedendorpec7@ucsd.edu,Polygender,82.148.114.148
441,Brendis,Simeon,bsimeonc8@theatlantic.com,Agender,180.7.10.90
442,Guillermo,Duffill,gduffillc9@pinterest.com,Agender,150.137.104.238
443,Jaymie,Sigge,jsiggeca@reverbnation.com,Non-binary,85.72.95.2
444,Gerardo,Barnard,,Bigender,207.36.217.161
445,Mirella,Karp,mkarpcc@apache.org,Male,61.229.102.37
446,Faunie,McAvaddy,fmcavaddycd@berkeley.edu,Agender,36.119.255.110
447,Geri,Derkes,gderkesce@hugedomains.com,Bigender,77.71.214.182
448,Aksel,Henworth,ahenworthcf@google.de,Agender,72.64.223.252
449,Sarge,Wycliffe,swycliffecg@state.gov,Female,100.28.30.240
450,Fifine,Sisselot,fsisselotch@networksolutions.com,Agender,203.126.42.165
451,Holly,Coonan,hcoonanci@comsenz.com,Agender,88.5.19.17
452,Valentino,Truter,vtrutercj@dropbox.com,Genderqueer,72.41.53.151
453,Cornelius,Stringfellow,cstringfellowck@icio.us,Polygender,44.200.90.183
454,Tanner,Matthewman,tmatthewmancl@foxnews.com,Polygender,133.104.134.105
455,Brett,Stendell,bstendellcm@4shared.com,Non-binary,87.205.134.186
456,Verine,Pol,vpolcn@examiner.com,Bigender,109.237.207.10
457,Yvonne,Kinglake,ykinglakeco@live.com,Agender,115.144.79.156
458,Fidelio,Dedman,fdedmancp@weibo.com,Non-binary,76.194.235.142
459,Dina,Kyles,dkylescq@freewebs.com,Female,201.141.224.178
460,Willetta,Champneys,wchampneyscr@google.de,Male,71.140.93.210
461,Aubrey,Cruickshank,acruickshankcs@ycombinator.com,Non-binary,238.51.53.130
462,Merissa,Danis,mdanisct@comsenz.com,Genderqueer,115.9.178.16
463,Suzy,Moxom,smoxomcu@etsy.com,Non-binary,48.204.223.82
464,Cosette,Clash,cclashcv@bandcamp.com,Genderfluid,245.42.26.94
465,Alaster,Garland,agarlandcw@ihg.com,Agender,124.133.181.29
466,Hillie,Haslegrave,hhaslegravecx@elpais.com,Agender,242.9.179.124
467,Chan,Davydzenko,cdavydzenkocy@psu.edu,Female,169.28.212.101
468,Shina,Luby,slubycz@clickbank.net,Female,158.163.64.134
469,Tudor,Clappson,tclappsond0@etsy.com,Non-binary,24.168.47.12
470,Giffer,Franklen,gfranklend1@nytimes.com,Non-binary,104.89.42.77
471,Tammy,Birtchnell,tbirtchnelld2@storify.com,Non-binary,208.64.183.20
472,Caressa,Alexandrescu,calexandrescud3@rakuten.co.jp,Agender,185.246.55.40
473,Lucky,Remirez,lremirezd4@mac.com,Genderqueer,19.118.179.2
474,Othilie,Denton,odentond5@arstechnica.com,Genderqueer,100.175.36.87
475,Geneva,Coggings,gcoggingsd6@hibu.com,Male,83.139.202.112
476,Brietta,Harrisson,bharrissond7@prnewswire.com,Bigender,64.74.185.4
477,Lezley,Aves,lavesd8@nsw.gov.au,Female,227.188.174.207
478,Almire,Bramall,abramalld9@free.fr,Genderfluid,62.192.145.75
479,Kristo,Harrhy,kharrhyda@gizmodo.com,Genderqueer,66.149.147.51
480,Lorine,Giorgeschi,lgiorgeschidb@spiegel.de,Male,90.110.161.252
481,Latrena,Joscelyn,ljoscelyndc@google.co.jp,Genderfluid,28.100.9.21
482,Ulick,Scriven,uscrivendd@army.mil,Bigender,162.147.139.23
483,Ignacio,Kingh,ikinghde@prweb.com,Bigender,179.94.0.218
484,Koo,Swinney,kswinneydf@friendfeed.com,Polygender,240.119.70.249
485,Melamie,Rothschild,mrothschilddg@arizona.edu,Bigender,234.190.156.189
486,Dill,Wardingly,dwardinglydh@homestead.com,Male,177.224.244.171
487,Gerladina,Girardengo,ggirardengodi@ucoz.com,Polygender,214.143.24.66
488,Ingrid,Struys,istruysdj@google.co.jp,Female,91.70.61.11
489,Jaime,Goneau,jgoneaudk@marriott.com,Polygender,75.2.155.132
490,Fidelia,Caurah,fcaurahdl@exblog.jp,Genderqueer,48.30.3.224
491,Giraldo,Wanek,gwanekdm@livejournal.com,Non-binary,184.79.44.207
492,Tamas,Cheeney,tcheeneydn@imageshack.us,Agender,229.3.48.161
493,Manolo,Brahams,mbrahamsdo@mlb.com,Non-binary,247.109.67.102
494,Ailbert,Maginn,amaginndp@reddit.com,Agender,212.66.199.168
495,Vivyan,Errington,verringtondq@washington.edu,Genderqueer,3.211.145.225
496,Lonee,Kenryd,lkenryddr@deviantart.com,Polygender,108.58.30.244
497,Nert,Arnet,narnetds@drupal.org,Non-binary,18.112.17.89
498,Sabine,Gresly,sgreslydt@hexun.com,Male,249.240.251.135
499,Stephani,Shinefield,sshinefielddu@gmpg.org,Genderqueer,181.161.144.225
500,Theadora,Dmitriev,tdmitrievdv@seesaa.net,Genderfluid,109.184.55.15
501,Haven,Geekin,hgeekindw@woothemes.com,Male,53.30.111.71
502,Kurtis,Openshaw,kopenshawdx@oracle.com,Bigender,86.95.149.221
503,Gabbey,Pohls,gpohlsdy@friendfeed.com,Female,167.80.96.58
504,Norbert,Vinecombe,nvinecombedz@timesonline.co.uk,Agender,87.117.109.188
505,Trever,Lambal,tlambale0@xrea.com,Non-binary,238.92.229.184
506,Dael,Hurren,dhurrene1@biglobe.ne.jp,Polygender,61.6.67.97
507,Candie,Vedyasov,cvedyasove2@adobe.com,Genderqueer,204.147.78.119
508,Hermon,Boutcher,hboutchere3@yahoo.co.jp,Male,235.108.250.190
509,Darius,Zellner,dzellnere4@abc.net.au,Genderfluid,182.114.208.28
510,Natasha,Gantz,ngantze5@mozilla.com,Male,252.25.146.106
511,Christine,Darinton,cdarintone6@alibaba.com,Polygender,233.27.35.140
512,Neila,Mervyn,nmervyne7@goodreads.com,Agender,5.75.42.68
513,Alvin,Manjin,amanjine8@networksolutions.com,Genderqueer,26.137.87.232
514,Mace,Woodroof,mwoodroofe9@i2i.jp,Bigender,200.136.22.11
515,Louisa,Bettenay,lbettenayea@mozilla.org,Female,97.162.98.23
516,Normand,Siney,nsineyeb@ox.ac.uk,Male,214.158.244.253
517,Hedvig,Trevillion,htrevillionec@tamu.edu,Agender,182.90.92.230
518,Rhody,Enticknap,renticknaped@github.io,Genderqueer,66.66.84.213
519,Tracy,Drynan,tdrynanee@naver.com,Male,208.68.77.136
520,Zebedee,Kennelly,zkennellyef@imgur.com,Female,88.99.116.235
521,Giffy,D'Aubney,gdaubneyeg@dropbox.com,Genderfluid,158.25.206.120
522,Nadia,MacSween,nmacsweeneh@washingtonpost.com,Male,12.230.122.111
523,Vincents,Torn,vtornei@hatena.ne.jp,Bigender,246.172.155.180
524,Kristofor,Westlake,kwestlakeej@godaddy.com,Male,202.3.102.167
525,Grissel,Hendron,ghendronek@cmu.edu,Male,161.91.115.178
526,Elfie,Elcoux,eelcouxel@ocn.ne.jp,Non-binary,171.31.174.18
527,Saul,Scoggin,sscogginem@google.co.jp,Male,59.141.74.3
528,Geoffrey,Shovel,gshovelen@vk.com,Male,123.71.44.200
529,Auberon,Stormont,astormonteo@vistaprint.com,Bigender,45.144.225.81
530,Cyb,Divine,cdivineep@myspace.com,Male,241.90.195.226
531,Kendra,Durant,kduranteq@cdc.gov,Female,126.191.195.109
532,Thomasa,Dines,tdineser@g.co,Non-binary,186.51.53.220
533,Sunshine,Scollard,sscollardes@examiner.com,Genderfluid,113.252.159.19
534,Dur,Besemer,dbesemeret@linkedin.com,Genderqueer,219.61.234.42
535,Kasper,Halling,khallingeu@webeden.co.uk,Non-binary,245.87.138.206
536,Agata,Hannam,ahannamev@networkadvertising.org,Non-binary,130.5.79.204
537,Felike,Odo,fodoew@creativecommons.org,Genderqueer,233.35.80.2
538,Cecelia,Cousen,ccousenex@so-net.ne.jp,Polygender,21.219.246.156
539,Eimile,Van Halen,evanhaleney@businessinsider.com,Genderfluid,217.134.215.7
540,Antoinette,McArdle,amcardleez@jiathis.com,Non-binary,159.37.30.66
541,Ivy,Lohden,ilohdenf0@tinyurl.com,Polygender,85.134.151.112
542,Susana,Amort,samortf1@sphinn.com,Bigender,69.15.250.252
543,Sheffield,Henricsson,shenricssonf2@feedburner.com,Bigender,27.222.222.17
544,Katerine,Temple,ktemplef3@unesco.org,Non-binary,63.84.204.59
545,Selena,Loache,sloachef4@gmpg.org,Polygender,37.212.124.0
546,Yehudi,Harmston,yharmstonf5@baidu.com,Polygender,237.238.238.56
547,Claudia,Fraczak,cfraczakf6@cocolog-nifty.com,Non-binary,81.33.98.104
548,Jaclyn,Rothchild,jrothchildf7@wix.com,Male,248.248.243.133
549,Juan,Hickenbottom,jhickenbottomf8@lycos.com,Genderqueer,101.179.207.110
550,Evanne,Ramsay,eramsayf9@ted.com,Genderfluid,177.117.196.197
551,Rochella,Milberry,rmilberryfa@ucla.edu,Non-binary,61.164.7.35
552,Dilly,Hew,dhewfb@exblog.jp,Male,142.175.131.78
553,Selestina,Domingues,sdominguesfc@nhs.uk,Polygender,35.94.153.210
554,Kimbra,Blague,kblaguefd@vk.com,Male,46.128.179.193
555,Corby,Ticksall,cticksallfe@nsw.gov.au,Agender,181.100.202.21
556,Janenna,McLeod,jmcleodff@blinklist.com,Genderfluid,100.47.144.115
557,Moses,Caldecourt,mcaldecourtfg@usnews.com,Bigender,5.125.66.228
558,Bran,Billson,bbillsonfh@sfgate.com,Polygender,203.180.67.119
559,Dorri,Brunelleschi,dbrunelleschifi@unesco.org,Genderfluid,34.219.220.103
560,Stanislaus,Mixhel,smixhelfj@skype.com,Genderqueer,42.46.40.136
561,Kalina,Gossop,kgossopfk@guardian.co.uk,Genderfluid,219.244.36.202
562,Guenevere,Conachy,gconachyfl@php.net,Genderfluid,34.188.140.248
563,Kare,Escale,kescalefm@mayoclinic.com,Genderfluid,179.86.230.40
564,Tripp,Grombridge,tgrombridgefn@hibu.com,Genderqueer,185.199.199.94
565,Jasmina,Backwell,jbackwellfo@kickstarter.com,Male,107.16.34.138
566,Farrah,Dies,fdiesfp@g.co,Non-binary,14.169.227.242
567,Cara,Samme,csammefq@miitbeian.gov.cn,Polygender,168.134.94.251
568,Amitie,Gatrill,agatrillfr@last.fm,Genderqueer,129.102.179.161
569,Jenda,Maudett,jmaudettfs@china.com.cn,Male,110.116.16.171
570,Boycie,Monteith,bmonteithft@senate.gov,Female,108.21.216.174
571,Donnell,Dami,ddamifu@businessinsider.com,Non-binary,156.167.241.112
572,Astrid,Itskovitz,aitskovitzfv@constantcontact.com,Bigender,97.32.150.189
573,Ellen,McChesney,emcchesneyfw@cnet.com,Agender,118.198.87.162
574,Naomi,Rouff,nroufffx@unc.edu,Genderfluid,89.12.142.187
575,Adelind,Sigge,asiggefy@ameblo.jp,Male,216.195.254.235
576,Bell,Dibden,bdibdenfz@google.com,Bigender,49.164.174.98
577,Bathsheba,Waggatt,bwaggattg0@nps.gov,Male,237.199.95.193
578,Amalia,Petken,apetkeng1@e-recht24.de,Genderqueer,134.184.234.114
579,Ki,Ughini,kughinig2@smugmug.com,Genderfluid,17.96.232.93
580,Sibylla,Hazlehurst,shazlehurstg3@tumblr.com,Bigender,170.141.33.202
581,Freddy,Mayoral,fmayoralg4@bigcartel.com,Non-binary,254.238.4.63
582,Heinrik,Earengey,hearengeyg5@nasa.gov,Genderqueer,245.109.11.231
583,Edee,Cubbinelli,ecubbinellig6@wufoo.com,Agender,131.194.60.219
584,Britta,Grumble,bgrumbleg7@comsenz.com,Male,25.199.249.236
585,Magdaia,Mountfort,mmountfortg8@yelp.com,Male,164.222.133.229
586,Lolly,Gilks,lgilksg9@arstechnica.com,Bigender,12.1.134.198
587,Joseph,Gross,jgrossga@wikimedia.org,Genderfluid,64.191.224.72
588,Jaymie,Balfre,jbalfregb@ameblo.jp,Male,29.49.251.253
589,Ilaire,Sabbin,isabbingc@goo.gl,Genderqueer,86.85.244.163
590,Danya,Reicherz,dreicherzgd@marriott.com,Genderqueer,101.8.254.125
591,Nollie,McIlrath,nmcilrathge@china.com.cn,Agender,159.160.125.43
592,Joyce,Shewon,jshewongf@ycombinator.com,Genderqueer,56.92.131.178
593,Emeline,Waldrum,ewaldrumgg@hp.com,Non-binary,219.234.195.119
594,Demetris,Murfett,dmurfettgh@imgur.com,Male,15.192.8.253
595,Cori,Balffye,cbalffyegi@tmall.com,Bigender,241.141.119.48
596,Robbyn,Gimlet,rgimletgj@answers.com,Male,71.139.216.13
597,Mella,Keysel,mkeyselgk@ycombinator.com,Bigender,204.109.18.146
598,Donella,Sargeaunt,dsargeauntgl@cpanel.net,Female,135.98.63.61
599,Regan,Tambling,rtamblinggm@skyrock.com,Agender,16.105.109.163
600,Elfie,Durtnell,edurtnellgn@unesco.org,Female,82.32.155.100
601,Lorne,Dundredge,ldundredgego@dropbox.com,Polygender,209.251.20.99
602,Nessie,Shortan,nshortangp@vistaprint.com,Genderqueer,85.143.191.85
603,Carlee,Hembry,chembrygq@wikipedia.org,Male,236.56.250.254
604,Josee,Dahlberg,jdahlberggr@google.ru,Female,125.129.209.57
605,Rhonda,Entwistle,rentwistlegs@army.mil,Female,177.229.31.203
606,Emmalynn,De Mars,edemarsgt@dedecms.com,Genderfluid,137.117.142.212
607,Gifford,Eldritt,geldrittgu@qq.com,Female,135.163.94.166
608,Inez,Maryet,imaryetgv@yelp.com,Bigender,119.172.205.159
609,Layla,Garza,lgarzagw@cnet.com,Bigender,65.53.238.24
610,Tamara,Harwell,tharwellgx@ca.gov,Agender,178.185.223.118
611,Rikki,Worvill,rworvillgy@aboutads.info,Non-binary,186.196.123.254
612,Clement,Coomer,ccoomergz@alibaba.com,Agender,142.8.58.58
613,Shelbi,Louiset,slouiseth0@skype.com,Agender,230.128.185.101
614,Kevan,Bratten,kbrattenh1@g.co,Female,39.143.119.93
615,Starla,Petherick,spetherickh2@deviantart.com,Agender,141.38.59.194
616,Horacio,Prisk,hpriskh3@fc2.com,Genderfluid,236.108.220.225
617,Durant,Reap,dreaph4@live.com,Agender,192.20.172.27
618,Gayelord,Delamar,gdelamarh5@boston.com,Genderfluid,228.109.108.73
619,Jesselyn,Niece,jnieceh6@arstechnica.com,Male,151.191.38.111
620,Lucien,Birkby,lbirkbyh7@ask.com,Agender,47.0.124.111
621,Carolan,Edington,cedingtonh8@blogtalkradio.com,Polygender,174.159.195.232
622,Terrye,Muskett,tmusketth9@alexa.com,Genderqueer,103.135.137.236
623,Donaugh,Surgeon,dsurgeonha@wikia.com,Non-binary,188.220.98.234
624,Jordon,Erat,jerathb@unicef.org,Genderqueer,101.152.4.30
625,Cloris,Jarville,cjarvillehc@biglobe.ne.jp,Female,182.248.94.145
626,Abbye,McDonnell,amcdonnellhd@mtv.com,Female,67.21.169.65
627,Rickard,Gheeraert,rgheeraerthe@typepad.com,Genderqueer,244.157.133.57
628,Laurent,Bartomieu,lbartomieuhf@creativecommons.org,Genderfluid,149.200.236.48
629,Maritsa,Heningham,mheninghamhg@addtoany.com,Male,210.228.186.172
630,Nate,Kerkham,nkerkhamhh@friendfeed.com,Polygender,187.220.227.171
631,Pavel,Konig,pkonighi@nationalgeographic.com,Polygender,238.93.99.135
632,Doug,Tappin,dtappinhj@parallels.com,Male,198.88.127.145
633,Damian,Mc Dermid,dmcdermidhk@reuters.com,Genderfluid,236.151.82.13
634,Packston,Akker,pakkerhl@merriam-webster.com,Genderfluid,171.123.169.117
635,Abra,Cartlidge,acartlidgehm@craigslist.org,Bigender,55.212.214.207
636,Latia,Foy,lfoyhn@chron.com,Female,98.56.152.253
637,Aubree,Rush,arushho@51.la,Bigender,223.223.253.76
638,Chuck,Prewett,cprewetthp@simplemachines.org,Non-binary,220.161.88.210
639,Chauncey,Crass,ccrasshq@spiegel.de,Genderqueer,178.133.218.28
640,Berne,Tortis,btortishr@europa.eu,Bigender,31.86.16.30
641,Melantha,Binnell,mbinnellhs@i2i.jp,Non-binary,207.85.201.39
642,Kore,Clipsham,kclipshamht@spotify.com,Bigender,6.156.11.51
643,Cristy,Meadmore,cmeadmorehu@bloomberg.com,Male,174.181.10.136
644,Vasily,Snoddon,vsnoddonhv@tinypic.com,Bigender,225.53.209.3
645,Sophronia,Kibel,skibelhw@mashable.com,Genderfluid,50.69.78.177
646,Sloan,Freebury,sfreeburyhx@illinois.edu,Genderfluid,161.21.119.29
647,August,Binnes,abinneshy@unicef.org,Bigender,152.15.61.1
648,Theodora,Trimmell,ttrimmellhz@people.com.cn,Female,148.226.207.139
649,Lionel,Kretschmer,lkretschmeri0@chron.com,Polygender,83.64.130.72
650,Bruis,Fromant,bfromanti1@slashdot.org,Female,113.14.122.195
651,Jessie,Breens,jbreensi2@craigslist.org,Female,228.189.255.236
652,Lola,Braney,lbraneyi3@time.com,Agender,25.184.32.43
653,Jen,Beade,jbeadei4@furl.net,Genderfluid,147.128.55.40
654,Wenona,Boxill,wboxilli5@phpbb.com,Non-binary,119.20.105.219
655,Clarine,Grinston,cgrinstoni6@macromedia.com,Bigender,193.163.145.71
656,Galven,Breckell,gbreckelli7@rediff.com,Agender,131.182.148.238
657,Hermione,Ingliss,hinglissi8@wordpress.org,Genderfluid,122.213.18.122
658,Lexine,Ellingworth,lellingworthi9@twitter.com,Male,124.166.92.227
659,Ansell,De La Haye,adelahayeia@addthis.com,Agender,39.90.37.83
660,Emmery,Shrimpling,eshrimplingib@epa.gov,Female,208.42.23.135
661,Nelson,McAlroy,nmcalroyic@goo.gl,Male,55.146.74.87
662,Scottie,Sorensen,ssorensenid@deviantart.com,Genderqueer,235.199.131.166
663,Dorie,Gilby,dgilbyie@i2i.jp,Non-binary,249.132.182.121
664,Phillip,Greenstead,pgreensteadif@indiatimes.com,Female,128.120.102.172
665,Eachelle,Carvill,ecarvillig@furl.net,Genderfluid,91.173.191.237
666,Nicolle,McGerraghty,nmcgerraghtyih@paginegialle.it,Polygender,251.132.101.94
641,Melantha,Binnell,mbinnellhs@i2i.jp,Non-binary,207.85.201.39
667,Jaclyn,Heining,jheiningii@sitemeter.com,Genderfluid,223.152.181.106
668,Iago,Rosbottom,irosbottomij@auda.org.au,Non-binary,43.69.109.88
669,Steve,Flaherty,sflahertyik@cpanel.net,Genderfluid,68.45.6.52
670,Yovonnda,Ayrton,yayrtonil@sogou.com,Genderqueer,237.128.33.66
671,Abbot,Bauduccio,abauduccioim@google.com.au,Bigender,131.158.67.209
672,Christina,Pollard,cpollardin@quantcast.com,Bigender,130.227.3.2
673,Chester,Le Galle,clegalleio@altervista.org,Genderfluid,217.209.234.247
674,Imelda,Fildes,ifildesip@ca.gov,Genderqueer,110.83.37.93
675,Joey,Eyrl,jeyrliq@istockphoto.com,Female,237.65.236.244
676,Pammi,Heinsius,pheinsiusir@tamu.edu,Female,94.217.190.58
677,Barrie,Ciotti,bciottiis@posterous.com,Female,43.188.224.99
678,Frayda,McConnachie,fmcconnachieit@spiegel.de,Non-binary,82.233.200.107
679,Daffy,Reichert,dreichertiu@economist.com,Male,150.227.193.54
680,Miles,McGarvey,mmcgarveyiv@google.co.uk,Genderfluid,185.88.240.214
681,Lynnett,Sands,lsandsiw@blogtalkradio.com,Genderqueer,212.39.60.12
682,Cort,Shimmings,cshimmingsix@1und1.de,Agender,219.101.149.99
683,Ev,Piscopo,episcopoiy@purevolume.com,Agender,203.26.25.212
684,Datha,Muckley,dmuckleyiz@chronoengine.com,Bigender,3.48.34.229
685,Garwin,Barlace,gbarlacej0@fastcompany.com,Genderqueer,147.157.114.54
686,Joly,Derwin,jderwinj1@etsy.com,Male,201.238.64.73
687,Mike,Keems,mkeemsj2@php.net,Genderqueer,46.103.117.50
688,Hughie,Rohmer,hrohmerj3@weather.com,Genderqueer,238.97.142.11
689,Gillian,Wolffers,gwolffersj4@ovh.net,Genderqueer,205.156.91.206
690,Edgar,Schoales,eschoalesj5@weebly.com,Genderqueer,17.80.74.60
691,Lana,Dunkerton,ldunkertonj6@miitbeian.gov.cn,Genderqueer,218.135.57.223
692,Nomi,McCarlie,nmccarliej7@elpais.com,Genderfluid,245.201.221.124
693,Aubry,Copin,acopinj8@ucoz.ru,Agender,40.119.90.17
694,Gianna,Ringsell,gringsellj9@seesaa.net,Genderqueer,254.234.234.79
695,Carmelina,Scotti,cscottija@facebook.com,Genderfluid,237.71.212.87
696,Jacki,Libbie,jlibbiejb@rakuten.co.jp,Polygender,241.197.236.200
697,Livy,Ringrose,lringrosejc@networkadvertising.org,Female,39.231.216.96
698,Hattie,Daventry,hdaventryjd@jimdo.com,Bigender,98.8.154.41
699,Odo,Mawd,omawdje@cloudflare.com,Female,205.142.144.64
700,Simone,Hallowes,shallowesjf@t.co,Bigender,63.210.195.54
701,Mil,Basezzi,mbasezzijg@twitpic.com,Genderfluid,149.114.201.234
702,Skyler,Valentelli,svalentellijh@i2i.jp,Genderqueer,80.86.162.98
703,Caril,Bachshell,cbachshellji@moonfruit.com,Agender,4.229.212.43
704,Anni,Traske,atraskejj@oracle.com,Male,6.119.4.94
705,Mikaela,Cuerdale,mcuerdalejk@prnewswire.com,Non-binary,13.36.45.216
706,Eirena,Percy,epercyjl@histats.com,Genderqueer,121.149.109.235
707,Lilllie,Lintott,llintottjm@acquirethisname.com,Agender,61.169.105.13
708,Amalie,Saltrese,asaltresejn@google.co.jp,Bigender,183.20.73.193
709,Kelley,McBrearty,kmcbreartyjo@businesswire.com,Polygender,172.238.239.230
710,Marshall,Davenall,mdavenalljp@ask.com,Male,95.119.186.184
711,Drud,Stonhard,dstonhardjq@wsj.com,Non-binary,69.124.38.135
712,Oswald,Layhe,olayhejr@infoseek.co.jp,Non-binary,10.168.183.86
713,Kacy,Ortsmann,kortsmannjs@hao123.com,Genderfluid,9.23.99.245
714,Nadiya,Flobert,nflobertjt@icq.com,Polygender,180.85.240.41
715,Doralia,Blincowe,dblincoweju@europa.eu,Male,74.180.118.254
716,Keith,Godon,kgodonjv@gravatar.com,Female,161.163.71.76
717,Julienne,Staziker,jstazikerjw@themeforest.net,Genderqueer,153.98.43.190
718,Emmit,Racher,eracherjx@fastcompany.com,Agender,92.244.226.21
719,Meaghan,Mercer,mmercerjy@washingtonpost.com,Genderqueer,16.233.86.236
720,Brittany,Luxen,bluxenjz@imdb.com,Female,181.94.240.174
721,Darell,Winfrey,dwinfreyk0@thetimes.co.uk,Bigender,96.23.37.91
722,Emilie,Merali,emeralik1@prlog.org,Female,210.33.232.13
723,Page,Tembey,ptembeyk2@phoca.cz,Female,60.118.48.229
724,Tandy,Santus,tsantusk3@aboutads.info,Bigender,156.109.168.254
725,Nico,Bodham,nbodhamk4@360.cn,Female,11.133.170.221
726,Konstantin,Matyukon,kmatyukonk5@weibo.com,Genderqueer,186.59.45.220
727,Daven,Gian,dgiank6@sohu.com,Bigender,29.43.84.243
728,Barnaby,Janca,bjancak7@cyberchimps.com,Genderqueer,187.174.25.19
729,Clemence,Ruggles,crugglesk8@godaddy.com,Non-binary,199.131.170.147
730,Regine,Rainey,rraineyk9@nymag.com,Bigender,185.30.233.233
731,Cristy,Jiran,cjiranka@g.co,Male,153.71.127.247
732,Holmes,Critcher,hcritcherkb@livejournal.com,Female,12.93.88.49
733,Shoshana,Stores,sstoreskc@nsw.gov.au,Female,129.36.106.35
734,Humfrid,Buncom,hbuncomkd@statcounter.com,Genderfluid,49.94.235.64
735,Amery,Candish,acandishke@weather.com,Female,45.75.73.120
736,Ingrim,Cone,iconekf@arizona.edu,Female,63.233.112.13
737,Hildagarde,De Ferrari,hdeferrarikg@yellowpages.com,Genderfluid,61.170.55.59
738,Corri,Klimpt,cklimptkh@gizmodo.com,Polygender,58.24.36.116
739,Pippa,Polet,ppoletki@timesonline.co.uk,Polygender,52.217.89.143
740,Edy,Pizey,epizeykj@yelp.com,Genderqueer,78.195.215.228
741,Janith,Henworth,jhenworthkk@senate.gov,Non-binary,208.164.46.185
742,Correna,Marousek,cmarousekkl@toplist.cz,Genderfluid,234.6.213.137
743,Wilmar,Keen,wkeenkm@fema.gov,Agender,142.209.168.48
744,Norina,Reisenberg,nreisenbergkn@apple.com,Bigender,61.15.150.220
745,Karl,Gosden,kgosdenko@google.com.au,Male,220.96.85.65
746,Niall,Halwell,nhalwellkp@furl.net,Bigender,82.253.3.0
747,Shanie,Moodey,smoodeykq@themeforest.net,Genderfluid,102.175.92.212
748,Gloriane,Jerome,gjeromekr@over-blog.com,Male,46.139.65.144
749,Mae,Brazier,mbrazierks@wisc.edu,Female,16.98.137.74
750,Mano,Bestiman,mbestimankt@shinystat.com,Genderqueer,140.147.38.51
751,Bud,Nevill,bnevillku@vimeo.com,Female,237.124.54.11
752,Mort,Marshall,mmarshallkv@diigo.com,Genderqueer,24.194.149.194
753,Kylynn,Lackey,klackeykw@google.com.au,Agender,166.202.157.38
754,Pauli,Bool,pboolkx@arstechnica.com,Polygender,144.251.189.211
755,Brandyn,Cullinane,bcullinaneky@economist.com,Genderfluid,17.86.51.191
756,Bekki,Tole,btolekz@narod.ru,Bigender,33.233.207.114
757,Donn,Duer,dduerl0@barnesandnoble.com,Bigender,82.79.51.91
758,Audre,Blazynski,ablazynskil1@indiegogo.com,Non-binary,6.208.118.1
759,Kelila,Doucette,kdoucettel2@plala.or.jp,Bigender,143.89.96.234
760,Melvyn,Raulin,mraulinl3@china.com.cn,Genderfluid,150.129.147.215
761,Shaun,Plomer,splomerl4@parallels.com,Agender,226.75.138.152
762,Gusta,Fermor,gfermorl5@unblog.fr,Bigender,184.25.208.87
763,Faye,McGennis,fmcgennisl6@newyorker.com,Non-binary,226.230.255.184
764,Minette,Dugald,mdugaldl7@liveinternet.ru,Agender,134.248.23.109
765,Kylen,Plank,kplankl8@nytimes.com,Genderfluid,166.158.85.249
766,Issiah,McWilliam,imcwilliaml9@mozilla.org,Polygender,182.35.48.122
767,Thorpe,Samarth,tsamarthla@latimes.com,Non-binary,102.123.144.86
768,Fara,Pinnion,fpinnionlb@ifeng.com,Male,76.186.131.157
769,Faulkner,Larmouth,flarmouthlc@addthis.com,Non-binary,99.253.125.243
770,Von,Spilsbury,vspilsburyld@nifty.com,Female,23.184.248.220
771,Goober,McBayne,gmcbaynele@rambler.ru,Genderqueer,61.253.224.51
772,Gwennie,Meert,gmeertlf@bloglovin.com,Agender,105.68.40.102
773,Emili,Gillaspy,egillaspylg@newyorker.com,Non-binary,189.154.215.68
774,Mill,Speeks,mspeekslh@vkontakte.ru,Male,198.12.142.236
775,Orville,Baskeyfied,obaskeyfiedli@diigo.com,Bigender,242.142.171.53
776,Tressa,Biskupek,tbiskupeklj@example.com,Genderfluid,247.119.194.132
777,Bernice,Streatley,bstreatleylk@hatena.ne.jp,Bigender,52.123.212.157
778,Eve,Arnald,earnaldll@de.vu,Polygender,23.184.203.185
779,Kamillah,Clemmow,kclemmowlm@cornell.edu,Genderqueer,213.111.76.149
780,Orelle,Birtwhistle,obirtwhistleln@army.mil,Genderqueer,227.61.181.134
781,Lib,Danniel,ldanniello@smh.com.au,Non-binary,188.46.188.228
782,Kippar,Gull,kgulllp@squarespace.com,Female,171.195.19.44
783,Raddy,Pulver,rpulverlq@msn.com,Genderqueer,18.240.123.209
784,Ilene,Furminger,ifurmingerlr@imageshack.us,Male,66.245.191.43
785,Marlon,Rimmington,mrimmingtonls@loc.gov,Agender,192.182.246.79
786,Brendis,Girodias,bgirodiaslt@tumblr.com,Agender,58.239.17.0
787,Jaquenette,Niemetz,jniemetzlu@pagesperso-orange.fr,Polygender,44.225.186.226
788,Salem,Taplin,staplinlv@wp.com,Agender,97.53.54.29
789,Babita,Kynson,bkynsonlw@e-recht24.de,Male,67.154.135.160
790,Jacklyn,Quigg,jquigglx@scribd.com,Agender,142.52.59.8
791,Elissa,Mariault,emariaultly@360.cn,Genderqueer,108.140.30.57
792,April,Collinge,acollingelz@hud.gov,Female,222.148.47.98
793,Nick,Mounch,nmounchm0@usatoday.com,Genderfluid,232.6.120.161
794,Jeane,Tennewell,jtennewellm1@infoseek.co.jp,Female,139.100.57.57
641,Melantha,Binnell,mbinnellhs@i2i.jp,Non-binary,207.85.201.39
795,Elli,Dilrew,edilrewm2@ed.gov,Female,227.213.93.235
796,Ealasaid,Kruschov,ekruschovm3@dropbox.com,Agender,3.152.246.19
797,Jade,Cawston,jcawstonm4@photobucket.com,Male,253.47.73.166
798,Sophia,Dunning,sdunningm5@yahoo.com,Polygender,3.21.21.93
799,Flory,Favill,ffavillm6@example.com,Male,132.189.29.165
800,Moises,Horwell,mhorwellm7@statcounter.com,Genderqueer,46.238.219.71
801,Gavrielle,Wondraschek,gwondraschekm8@cnet.com,Non-binary,255.129.239.213
802,Cyrus,Spencelayh,cspencelayhm9@icq.com,Genderqueer,24.151.192.140
803,Rossy,Miguet,rmiguetma@geocities.com,Genderfluid,179.197.56.120
804,Laureen,Jameson,ljamesonmb@wordpress.org,Male,121.215.238.123
805,Shawnee,Scroggie,sscroggiemc@weebly.com,Agender,245.9.55.104
806,Georgy,Gemlbett,ggemlbettmd@4shared.com,Genderfluid,202.40.252.140
807,Baillie,McGreil,bmcgreilme@ehow.com,Genderfluid,168.198.253.25
808,Marybeth,Cusack,mcusackmf@who.int,Male,236.235.7.23
809,Esma,Ilett,eilettmg@businessinsider.com,Agender,235.178.9.82
810,Ash,Jolliss,ajollissmh@nps.gov,Agender,188.202.14.108
811,Tera,Stendall,tstendallmi@unesco.org,Genderfluid,100.112.112.27
812,Bonnie,Pirson,bpirsonmj@paypal.com,Agender,232.182.189.149
813,Zacherie,Saiens,zsaiensmk@ebay.co.uk,Agender,51.105.192.10
814,Si,Tackes,stackesml@earthlink.net,Genderqueer,65.135.150.116
815,Jelene,Werndley,jwerndleymm@csmonitor.com,Bigender,189.224.90.69
816,Gawen,Pury,gpurymn@dmoz.org,Male,169.78.84.215
817,Ricky,Attfield,rattfieldmo@furl.net,Polygender,231.238.44.114
818,Pearline,Foxcroft,pfoxcroftmp@sakura.ne.jp,Genderfluid,49.197.1.239
819,Esma,Mozzini,emozzinimq@icq.com,Non-binary,155.94.111.113
820,Freddi,Rishworth,frishworthmr@icq.com,Genderfluid,43.230.158.57
821,Murvyn,Michael,mmichaelms@infoseek.co.jp,Genderfluid,140.153.78.142
822,Colman,Dunseath,cdunseathmt@rakuten.co.jp,Genderqueer,233.208.169.18
823,Davida,Fallowes,dfallowesmu@salon.com,Genderqueer,219.120.39.72
824,Jim,Bryde,jbrydemv@army.mil,Non-binary,17.198.251.35
825,Kirsteni,Boteman,kbotemanmw@mysql.com,Male,228.20.187.179
826,Jyoti,Doodney,jdoodneymx@studiopress.com,Polygender,231.182.233.228
827,Grete,Crufts,gcruftsmy@latimes.com,Polygender,114.195.221.217
828,Seana,Thain,sthainmz@nsw.gov.au,Genderqueer,158.148.82.191
829,Winna,MacGregor,wmacgregorn0@miitbeian.gov.cn,Agender,206.15.122.60
830,Tressa,Figg,tfiggn1@jigsy.com,Non-binary,71.74.66.94
831,Emile,Shead,esheadn2@sakura.ne.jp,Male,139.174.120.230
832,Georgine,Eberle,geberlen3@ustream.tv,Female,221.246.180.169
833,Georgie,Bathurst,gbathurstn4@accuweather.com,Agender,179.154.94.9
834,Jobie,Lages,jlagesn5@symantec.com,Female,11.210.56.144
835,Edie,Willingam,ewillingamn6@wunderground.com,Non-binary,198.171.101.193
836,Nada,Ridsdale,nridsdalen7@joomla.org,Agender,244.68.240.142
837,Berenice,Hazleton,bhazletonn8@whitehouse.gov,Genderfluid,110.197.173.1
838,Bobbe,Goulbourn,bgoulbournn9@hud.gov,Genderfluid,13.193.214.125
839,Feliza,Robinett,frobinettna@blogger.com,Polygender,176.58.188.6
840,Netti,Jedrysik,njedrysiknb@mail.ru,Genderqueer,53.177.40.224
841,Flint,Krugmann,fkrugmannnc@storify.com,Polygender,222.120.173.188
842,Fernanda,Bonallick,fbonallicknd@ucoz.ru,Agender,4.72.183.203
843,Hugibert,Lucas,hlucasne@eventbrite.com,Male,230.243.192.172
844,Shara,Grealish,sgrealishnf@nhs.uk,Male,229.11.66.187
845,Joline,Galtone,jgaltoneng@washingtonpost.com,Agender,225.192.60.144
846,Gianina,Lobley,globleynh@loc.gov,Genderfluid,54.69.130.83
847,Vernor,Grigoryov,vgrigoryovni@salon.com,Genderqueer,145.166.164.28
848,Suki,Foston,sfostonnj@usa.gov,Genderfluid,59.125.213.31
849,Lusa,Noke,lnokenk@google.es,Non-binary,77.216.49.69
850,Phillipp,Staten,pstatennl@uiuc.edu,Genderqueer,36.50.167.149
851,Coleman,Millan,cmillannm@google.nl,Non-binary,228.230.204.137
852,Tann,Jeffcock,tjeffcocknn@oracle.com,Male,107.75.143.10
853,Zsa zsa,Connop,zconnopno@youtube.com,Non-binary,157.73.177.178
854,Reena,Denys,rdenysnp@goo.gl,Polygender,208.19.195.111
855,Michele,Jodkowski,mjodkowskinq@4shared.com,Genderqueer,56.68.218.245
856,Lotte,Mairs,lmairsnr@istockphoto.com,Bigender,216.156.220.82
857,Gunner,Haslam,ghaslamns@unicef.org,Male,118.245.132.127
858,Ethe,Stickney,estickneynt@nyu.edu,Agender,91.11.29.152
859,Cacilie,Taye,ctayenu@ihg.com,Polygender,88.164.225.174
860,Gradey,Le Huquet,glehuquetnv@google.com.au,Bigender,109.221.203.233
861,Albertina,Laborda,alabordanw@senate.gov,Bigender,127.112.204.86
862,Rhianon,Abele,rabelenx@wsj.com,Agender,226.113.90.186
863,Dewie,Colleymore,dcolleymoreny@google.ru,Agender,9.225.140.140
864,Base,Krystek,bkrysteknz@csmonitor.com,Agender,56.103.51.29
865,Luigi,Pitrollo,lpitrolloo0@kickstarter.com,Genderfluid,166.178.3.197
866,Alene,Iwanowicz,aiwanowiczo1@cpanel.net,Genderqueer,52.89.96.155
867,Rebecka,Gibbie,rgibbieo2@angelfire.com,Male,159.177.144.207
868,Benito,Lewins,blewinso3@people.com.cn,Genderfluid,249.223.146.125
869,Norry,McDonough,nmcdonougho4@slideshare.net,Genderqueer,211.208.69.29
870,Andi,Piff,apiffo5@topsy.com,Genderfluid,225.1.181.221
871,Anastasia,Cockitt,acockitto6@ibm.com,Bigender,106.172.94.138
872,Deidre,Fortoun,dfortouno7@tmall.com,Female,229.116.51.205
873,Lisa,Faley,lfaleyo8@lycos.com,Female,223.164.62.137
874,Mathe,Backe,mbackeo9@arstechnica.com,Female,254.170.136.77
875,Letisha,MacLleese,lmaclleeseoa@gnu.org,Non-binary,195.12.33.66
876,Bryon,Jambrozek,bjambrozekob@elegantthemes.com,Non-binary,47.110.15.96
877,Bobine,Northen,bnorthenoc@typepad.com,Genderqueer,69.62.187.159
878,Konstantine,Syrad,ksyradod@latimes.com,Genderfluid,90.91.34.61
879,Gonzales,Ivchenko,givchenkooe@independent.co.uk,Genderqueer,224.175.161.177
880,Claire,Casemore,ccasemoreof@eepurl.com,Agender,9.110.200.63
881,Tabb,Frowen,tfrowenog@mozilla.com,Polygender,71.98.87.86
882,Candis,Pycock,cpycockoh@berkeley.edu,Female,104.183.3.127
883,Brittany,Conan,bconanoi@jalbum.net,Polygender,189.96.117.23
884,Dwight,McPake,dmcpakeoj@so-net.ne.jp,Female,81.109.187.7
885,Biddie,Genn,bgennok@youku.com,Polygender,93.104.254.165
886,Hermy,Chant,hchantol@devhub.com,Bigender,79.104.134.61
887,Angelica,Paxton,apaxtonom@soup.io,Bigender,51.39.86.132
888,Rollie,Redgewell,rredgewellon@blogger.com,Bigender,164.165.248.247
889,Eulalie,Colbeck,ecolbeckoo@goo.ne.jp,Agender,213.113.86.52
890,Miguel,Tedorenko,mtedorenkoop@redcross.org,Genderqueer,228.45.205.87
891,Alfonso,Waye,awayeoq@chicagotribune.com,Genderfluid,37.76.15.95
892,Stacy,Millson,smillsonor@va.gov,Bigender,96.244.129.164
893,Dwight,Grumble,dgrumbleos@tmall.com,Male,243.237.194.244
894,Blinny,MacRory,bmacroryot@baidu.com,Genderqueer,14.99.179.87
895,Mickie,Okenden,mokendenou@prweb.com,Male,34.23.12.101
896,Wilek,MacIlwrick,wmacilwrickov@aboutads.info,Genderfluid,137.50.245.176
897,Briney,Fermoy,bfermoyow@sbwire.com,Non-binary,185.136.233.63
898,Marlon,Bahike,mbahikeox@indiatimes.com,Genderqueer,54.135.224.176
899,Gaspard,Treweela,gtreweelaoy@smugmug.com,Female,236.208.226.111
900,Jobye,Breston,jbrestonoz@fema.gov,Genderfluid,78.107.219.61
901,Jeremiah,Coldridge,jcoldridgep0@prlog.org,Genderqueer,50.103.184.177
902,Quent,Vittle,qvittlep1@dropbox.com,Polygender,158.224.196.17
903,Dian,Gartan,dgartanp2@4shared.com,Female,117.247.124.133
904,Broddy,Midgely,bmidgelyp3@surveymonkey.com,Female,146.52.54.168
905,Corrie,Blackway,cblackwayp4@psu.edu,Bigender,230.98.227.1
906,Delainey,Zarfati,dzarfatip5@sphinn.com,Male,156.84.252.161
907,Fredi,Albery,falberyp6@ifeng.com,Bigender,131.232.34.250
908,Bennie,Embury,bemburyp7@timesonline.co.uk,Polygender,83.147.234.16
909,Carr,Praton,cpratonp8@techcrunch.com,Non-binary,218.182.105.106
910,Ivy,Sheals,ishealsp9@tamu.edu,Female,59.72.87.172
911,Rikki,Reisen,rreisenpa@wikipedia.org,Agender,124.45.84.109
912,Carina,Robjohns,crobjohnspb@earthlink.net,Genderqueer,234.138.202.44
913,Obadiah,Cadwallader,ocadwalladerpc@nps.gov,Male,169.32.120.250
914,Trish,Brace,tbracepd@rediff.com,Genderfluid,226.145.122.36
915,Kirby,Atherley,katherleype@elpais.com,Bigender,199.64.64.157
916,Paulie,Beazley,pbeazleypf@sciencedirect.com,Non-binary,210.147.71.176
917,Regen,Gerold,rgeroldpg@amazon.com,Female,196.80.45.180
918,Murry,Agiolfinger,magiolfingerph@dedecms.com,Bigender,10.143.63.3
919,Padget,Paulson,ppaulsonpi@ustream.tv,Genderfluid,2.131.253.183
920,Kane,Moreing,kmoreingpj@ezinearticles.com,Non-binary,247.95.185.31
921,Maddi,Bosnell,mbosnellpk@home.pl,Agender,26.107.44.52
922,Kristoforo,Slocomb,kslocombpl@umich.edu,Genderqueer,94.175.177.92
923,Julie,Masseo,jmasseopm@stumbleupon.com,Female,161.177.191.42
924,Bertrand,Fritter,bfritterpn@irs.gov,Female,43.134.150.175
925,Rakel,Tanfield,rtanfieldpo@icq.com,Female,116.154.224.226
926,Merv,Eastgate,meastgatepp@house.gov,Genderqueer,180.188.3.109
927,Felix,Proughten,fproughtenpq@shop-pro.jp,Bigender,32.171.32.14
928,Othello,Roberds,oroberdspr@icio.us,Genderfluid,159.121.196.168
929,Glennis,Turbill,gturbillps@google.es,Male,197.227.16.38
930,Garrick,Burchmore,gburchmorept@ted.com,Female,92.71.175.76
931,Lisa,Collyer,lcollyerpu@sciencedaily.com,Agender,211.222.46.223
932,Lars,Mattersey,lmatterseypv@tinyurl.com,Agender,244.27.113.32
933,Solomon,Blankau,sblankaupw@reverbnation.com,Agender,17.163.112.153
934,Fredric,Vern,fvernpx@livejournal.com,Polygender,47.62.73.241
935,Sonny,Dowdall,sdowdallpy@stumbleupon.com,Genderqueer,206.185.133.171
936,Giffy,Kempton,gkemptonpz@nifty.com,Genderqueer,231.88.77.154
937,Rosalia,Cutchey,rcutcheyq0@wunderground.com,Bigender,197.19.207.10
938,Dionne,Gasker,dgaskerq1@csmonitor.com,Non-binary,30.163.78.33
939,Brittaney,Kinnon,bkinnonq2@baidu.com,Female,196.250.83.62
940,Olivero,Sandison,osandisonq3@gizmodo.com,Genderfluid,249.200.29.31
941,Cynthia,Fincken,cfinckenq4@goo.ne.jp,Male,110.53.227.144
942,Terrijo,Hutcheon,thutcheonq5@last.fm,Male,76.115.25.66
943,Clarita,Luggar,cluggarq6@blogspot.com,Bigender,107.117.150.196
944,Clovis,D'Aguanno,cdaguannoq7@microsoft.com,Genderfluid,57.169.95.117
945,Adriane,Wessell,awessellq8@deliciousdays.com,Genderqueer,174.116.218.242
946,Jeff,McKearnen,jmckearnenq9@cam.ac.uk,Bigender,194.39.239.150
947,Maryjane,Dri,mdriqa@addtoany.com,Agender,169.105.135.255
948,Karyn,Vanshin,kvanshinqb@amazon.co.uk,Female,239.8.0.216
949,Bradney,Brodeau,bbrodeauqc@cdbaby.com,Polygender,72.194.24.153
950,Brynne,O'Shavlan,boshavlanqd@dagondesign.com,Genderqueer,223.104.218.253
951,Hadleigh,Muirden,hmuirdenqe@java.com,Male,196.36.102.21
952,Eleanora,Strephan,estrephanqf@cloudflare.com,Male,16.97.143.185
953,Estrella,Coxen,ecoxenqg@shinystat.com,Agender,22.161.60.66
954,Zachery,Hicks,zhicksqh@jugem.jp,Female,244.150.83.196
955,Federico,Goddman,fgoddmanqi@princeton.edu,Male,223.13.54.247
956,Davy,McDunlevy,dmcdunlevyqj@statcounter.com,Polygender,91.70.135.111
957,Myrtie,Styles,mstylesqk@craigslist.org,Genderfluid,50.233.2.28
958,Kris,Marshman,kmarshmanql@lulu.com,Genderqueer,59.65.87.156
959,Gearard,Altamirano,galtamiranoqm@diigo.com,Female,88.30.52.231
960,Coreen,Guillford,cguillfordqn@hud.gov,Female,125.1.122.105
961,Maegan,Vyel,mvyelqo@github.com,Agender,126.94.35.19
962,Lark,Elletson,lelletsonqp@princeton.edu,Female,195.139.197.32
963,My,Gronno,mgronnoqq@dailymotion.com,Agender,159.208.66.133
964,Orsa,Giovani,ogiovaniqr@acquirethisname.com,Genderfluid,3.216.252.88
965,Flin,Cleverly,fcleverlyqs@hexun.com,Agender,167.188.141.30
966,Kathe,Chinnock,kchinnockqt@bloglovin.com,Male,4.222.48.20
967,Thurstan,Oates,toatesqu@twitter.com,Genderqueer,241.198.252.228
968,Goddard,Dreelan,gdreelanqv@twitpic.com,Genderfluid,138.64.174.205
969,Aldous,Oats,aoatsqw@cmu.edu,Genderfluid,118.166.191.221
970,Kevina,Yarrell,kyarrellqx@shareasale.com,Agender,140.83.183.10
971,Bess,Croley,bcroleyqy@google.cn,Non-binary,21.212.236.151
972,Raynard,Rossant,rrossantqz@huffingtonpost.com,Female,248.113.87.236
973,Estell,Geleman,egelemanr0@ucoz.com,Non-binary,131.128.200.250
974,Vale,Millichip,vmillichipr1@theguardian.com,Agender,243.148.28.132
975,Eustace,Agius,eagiusr2@cpanel.net,Bigender,171.227.212.53
976,Gerard,Downse,gdownser3@altervista.org,Genderfluid,127.236.246.55
977,Callean,Sheber,csheberr4@blogs.com,Polygender,139.147.88.131
978,Lexis,Zorener,lzorenerr5@cdbaby.com,Female,217.39.166.90
979,Chevalier,Throughton,cthroughtonr6@reuters.com,Genderqueer,201.167.115.47
980,Ernst,Fransman,efransmanr7@pen.io,Female,252.151.185.206
981,Susana,Nellis,snellisr8@sfgate.com,Polygender,127.177.28.27
982,Brear,Thornthwaite,bthornthwaiter9@hostgator.com,Genderfluid,23.229.87.68
983,Tamar,Waddy,twaddyra@who.int,Genderqueer,120.13.109.157
984,Elbertine,Upex,eupexrb@engadget.com,Agender,207.202.154.93
985,Mitchel,Lightning,mlightningrc@uol.com.br,Male,41.127.22.155
986,Nefen,Agar,nagarrd@booking.com,Non-binary,15.230.111.21
987,Inger,Thorpe,ithorpere@yellowbook.com,Agender,173.163.214.45
988,Sigismondo,Havile,shavilerf@google.ru,Agender,246.103.149.121
989,Pauli,Maylard,pmaylardrg@t-online.de,Bigender,65.40.9.70
990,Stella,Pepon,speponrh@state.tx.us,Agender,44.54.107.113
991,Gladys,Stailey,gstaileyri@phpbb.com,Genderfluid,29.254.85.231
992,Osgood,McClounan,omcclounanrj@springer.com,Bigender,156.239.198.1
993,Jackquelin,Brende,jbrenderk@boston.com,Bigender,222.144.67.11
994,Genny,Chrystal,gchrystalrl@godaddy.com,Polygender,76.51.5.113
995,Sylas,Bloodworthe,sbloodwortherm@slashdot.org,Genderfluid,214.37.140.78
996,Roseline,Lauga,rlaugarn@addthis.com,Female,213.141.223.64
997,Pepe,Kolak,pkolakro@gravatar.com,Genderqueer,9.149.217.55
998,Aldo,Bartels-Ellis,abartelsellisrp@ebay.com,Genderqueer,224.111.17.87
999,Yehudit,Roddy,yroddyrq@yellowpages.com,Non-binary,169.96.192.73
1000,Mike,Renish,mrenishrr@ask.com,Genderfluid,221.34.27.21
